classe;survivant;nom;sexe;age;prix;embarquement
1;1;Allen, Miss. Elisabeth Walton;female;29;211.34;S
1;1;Allison, Master. Hudson Trevor;male;1;151.55;S
1;0;Allison, Miss. Helen Loraine;female;2;151.55;S
1;0;Allison, Mr. Hudson Joshua Creighton;male;30;151.55;S
1;0;Allison, Mrs. Hudson J C (Bessie Waldo Daniels);female;25;151.55;S
1;1;Anderson, Mr. Harry;male;48;26.55;S
1;1;Andrews, Miss. Kornelia Theodosia;female;63;77.96;S
1;0;Andrews, Mr. Thomas Jr;male;39;0;S
1;1;Appleton, Mrs. Edward Dale (Charlotte Lamson);female;53;51.48;S
1;0;Artagaveytia, Mr. Ramon;male;71;49.5;C
1;0;Astor, Col. John Jacob;male;47;227.53;C
1;1;Astor, Mrs. John Jacob (Madeleine Talmadge Force);female;18;227.53;C
1;1;Aubart, Mme. Leontine Pauline;female;24;69.3;C
1;1;Barber, Miss. Ellen Nellie;female;26;78.85;S
1;1;Barkworth, Mr. Algernon Henry Wilson;male;80;30;S
1;0;Baumann, Mr. John D;male;60;25.93;S
1;0;Baxter, Mr. Quigg Edmond;male;24;247.52;C
1;1;Baxter, Mrs. James (Helene DeLaudeniere Chaput);female;50;247.52;C
1;1;Bazzani, Miss. Albina;female;32;76.29;C
1;0;Beattie, Mr. Thomson;male;36;75.24;C
1;1;Beckwith, Mr. Richard Leonard;male;37;52.55;S
1;1;Beckwith, Mrs. Richard Leonard (Sallie Monypeny);female;47;52.55;S
1;1;Behr, Mr. Karl Howell;male;26;30;C
1;1;Bidois, Miss. Rosalie;female;42;227.53;C
1;1;Bird, Miss. Ellen;female;29;221.78;S
1;0;Birnbaum, Mr. Jakob;male;25;26;C
1;1;Bishop, Mr. Dickinson H;male;25;91.08;C
1;1;Bishop, Mrs. Dickinson H (Helen Walton);female;19;91.08;C
1;1;Bissette, Miss. Amelia;female;35;135.63;S
1;1;Bjornstrom-Steffansson, Mr. Mauritz Hakan;male;28;26.55;S
1;0;Blackwell, Mr. Stephen Weart;male;45;35.5;S
1;1;Blank, Mr. Henry;male;40;31;C
1;1;Bonnell, Miss. Caroline;female;30;164.87;S
1;1;Bonnell, Miss. Elizabeth;female;58;26.55;S
1;0;Borebank, Mr. John James;male;42;26.55;S
1;1;Bowen, Miss. Grace Scott;female;45;262.38;C
1;1;Bowerman, Miss. Elsie Edith;female;22;55;S
1;1;Bradley, Mr. George (George Arthur Brayton);male;37;26.55;S
1;0;Brady, Mr. John Bertram;male;41;30.5;S
1;0;Brandeis, Mr. Emil;male;48;50.5;C
1;0;Brewe, Dr. Arthur Jackson;male;45;39.6;C
1;1;Brown, Mrs. James Joseph (Margaret Tobin);female;44;27.72;C
1;1;Brown, Mrs. John Murray (Caroline Lane Lamson);female;59;51.48;S
1;1;Bucknell, Mrs. William Robert (Emma Eliza Ward);female;60;76.29;C
1;1;Burns, Miss. Elizabeth Margaret;female;41;134.5;C
1;0;Butt, Major. Archibald Willingham;male;45;26.55;S
1;0;Cairns, Mr. Alexander;male;28;31;S
1;1;Calderhead, Mr. Edward Pennington;male;42;26.29;S
1;1;Candee, Mrs. Edward (Helen Churchill Hungerford);female;53;27.45;C
1;1;Cardeza, Mr. Thomas Drake Martinez;male;36;512.33;C
1;1;Cardeza, Mrs. James Warburton Martinez (Charlotte Wardle Drake);female;58;512.33;C
1;0;Carlsson, Mr. Frans Olof;male;33;5;S
1;0;Carrau, Mr. Francisco M;male;28;47.1;S
1;0;Carrau, Mr. Jose Pedro;male;17;47.1;S
1;1;Carter, Master. William Thornton II;male;11;120;S
1;1;Carter, Miss. Lucile Polk;female;14;120;S
1;1;Carter, Mr. William Ernest;male;36;120;S
1;1;Carter, Mrs. William Ernest (Lucile Polk);female;36;120;S
1;0;Case, Mr. Howard Brown;male;49;26;S
1;1;Cassebeer, Mrs. Henry Arthur Jr (Eleanor Genevieve Fosdick);female;36;27.72;C
1;0;Cavendish, Mr. Tyrell William;male;36;78.85;S
1;1;Cavendish, Mrs. Tyrell William (Julia Florence Siegel);female;76;78.85;S
1;0;Chaffee, Mr. Herbert Fuller;male;46;61.18;S
1;1;Chaffee, Mrs. Herbert Fuller (Carrie Constance Toogood);female;47;61.18;S
1;1;Chambers, Mr. Norman Campbell;male;27;53.1;S
1;1;Chambers, Mrs. Norman Campbell (Bertha Griggs);female;33;53.1;S
1;1;Chaudanson, Miss. Victorine;female;36;262.38;C
1;1;Cherry, Miss. Gladys;female;30;86.5;S
1;1;Chevre, Mr. Paul Romaine;male;45;29.7;C
1;1;Chibnall, Mrs. (Edith Martha Bowerman);female;48;55;S
1;0;Chisholm, Mr. Roderick Robert Crispin;male;40;0;S
1;0;Clark, Mr. Walter Miller;male;27;136.78;C
1;1;Clark, Mrs. Walter Miller (Virginia McDowell);female;26;136.78;C
1;1;Cleaver, Miss. Alice;female;22;151.55;S
1;0;Clifford, Mr. George Quincy;male;40;52;S
1;0;Colley, Mr. Edward Pomeroy;male;47;25.59;S
1;1;Compton, Miss. Sara Rebecca;female;39;83.16;C
1;0;Compton, Mr. Alexander Taylor Jr;male;37;83.16;C
1;1;Compton, Mrs. Alexander Taylor (Mary Eliza Ingersoll);female;64;83.16;C
1;1;Cornell, Mrs. Robert Clifford (Malvina Helen Lamson);female;55;25.7;S
1;0;Crafton, Mr. John Bertram;male;59;26.55;S
1;0;Crosby, Capt. Edward Gifford;male;70;71;S
1;1;Crosby, Miss. Harriet R;female;36;71;S
1;1;Crosby, Mrs. Edward Gifford (Catherine Elizabeth Halstead);female;64;26.55;S
1;0;Cumings, Mr. John Bradley;male;39;71.28;C
1;1;Cumings, Mrs. John Bradley (Florence Briggs Thayer);female;38;71.28;C
1;1;Daly, Mr. Peter Denis ;male;51;26.55;S
1;1;Daniel, Mr. Robert Williams;male;27;30.5;S
1;1;Daniels, Miss. Sarah;female;33;151.55;S
1;0;Davidson, Mr. Thornton;male;31;52;S
1;1;Davidson, Mrs. Thornton (Orian Hays);female;27;52;S
1;1;Dick, Mr. Albert Adrian;male;31;57;S
1;1;Dick, Mrs. Albert Adrian (Vera Gillespie);female;17;57;S
1;1;Dodge, Dr. Washington;male;53;81.86;S
1;1;Dodge, Master. Washington;male;4;81.86;S
1;1;Dodge, Mrs. Washington (Ruth Vidaver);female;54;81.86;S
1;0;Douglas, Mr. Walter Donald;male;50;106.43;C
1;1;Douglas, Mrs. Frederick Charles (Mary Helene Baxter);female;27;247.52;C
1;1;Douglas, Mrs. Walter Donald (Mahala Dutton);female;48;106.43;C
1;1;Duff Gordon, Lady. (Lucille Christiana Sutherland) (Mrs Morgan);female;48;39.6;C
1;1;Duff Gordon, Sir. Cosmo Edmund (Mr Morgan);male;49;56.93;C
1;0;Dulles, Mr. William Crothers;male;39;29.7;C
1;1;Earnshaw, Mrs. Boulton (Olive Potter);female;23;83.16;C
1;1;Endres, Miss. Caroline Louise;female;38;227.53;C
1;1;Eustis, Miss. Elizabeth Mussey;female;54;78.27;C
1;0;Evans, Miss. Edith Corse;female;36;31.68;C
1;0;Farthing, Mr. John;male;57;221.78;S
1;1;Flegenheim, Mrs. Alfred (Antoinette);female;48;31.68;S
1;1;Fleming, Miss. Margaret;female;42;110.88;C
1;1;Flynn, Mr. John Irwin (Irving);male;36;26.39;S
1;0;Foreman, Mr. Benjamin Laventall;male;30;27.75;C
1;1;Fortune, Miss. Alice Elizabeth;female;24;263;S
1;1;Fortune, Miss. Ethel Flora;female;28;263;S
1;1;Fortune, Miss. Mabel Helen;female;23;263;S
1;0;Fortune, Mr. Charles Alexander;male;19;263;S
1;0;Fortune, Mr. Mark;male;64;263;S
1;1;Fortune, Mrs. Mark (Mary McDougald);female;60;263;S
1;1;Francatelli, Miss. Laura Mabel;female;30;56.93;C
1;0;Franklin, Mr. Thomas Parham;male;37;26.55;S
1;1;Frauenthal, Dr. Henry William;male;50;133.65;S
1;1;Frauenthal, Mr. Isaac Gerald;male;43;27.72;C
1;1;Frauenthal, Mrs. Henry William (Clara Heinsheimer);female;42;133.65;S
1;1;Frolicher, Miss. Hedwig Margaritha;female;22;49.5;C
1;1;Frolicher-Stehli, Mr. Maxmillian;male;60;79.2;C
1;1;Frolicher-Stehli, Mrs. Maxmillian (Margaretha Emerentia Stehli);female;48;79.2;C
1;0;Fry, Mr. Richard;male;39;0;S
1;0;Futrelle, Mr. Jacques Heath;male;37;53.1;S
1;1;Futrelle, Mrs. Jacques Heath (Lily May Peel);female;35;53.1;S
1;0;Gee, Mr. Arthur H;male;47;38.5;S
1;1;Geiger, Miss. Amalie;female;35;211.5;C
1;1;Gibson, Miss. Dorothy Winifred;female;22;59.4;C
1;1;Gibson, Mrs. Leonard (Pauline C Boeson);female;45;59.4;C
1;0;Giglio, Mr. Victor;male;24;79.2;C
1;1;Goldenberg, Mr. Samuel L;male;49;89.1;C
1;1;Goldenberg, Mrs. Samuel L (Edwiga Grabowska);female;40;89.1;C
1;0;Goldschmidt, Mr. George B;male;71;34.65;C
1;1;Gracie, Col. Archibald IV;male;53;28.5;C
1;1;Graham, Miss. Margaret Edith;female;19;30;S
1;0;Graham, Mr. George Edward;male;38;153.46;S
1;1;Graham, Mrs. William Thompson (Edith Junkins);female;58;153.46;S
1;1;Greenfield, Mr. William Bertram;male;23;63.36;C
1;1;Greenfield, Mrs. Leo David (Blanche Strouse);female;45;63.36;C
1;0;Guggenheim, Mr. Benjamin;male;46;79.2;C
1;1;Harder, Mr. George Achilles;male;25;55.44;C
1;1;Harder, Mrs. George Achilles (Dorothy Annan);female;25;55.44;C
1;1;Harper, Mr. Henry Sleeper;male;48;76.73;C
1;1;Harper, Mrs. Henry Sleeper (Myna Haxtun);female;49;76.73;C
1;0;Harrington, Mr. Charles H;male;37;42.4;S
1;0;Harris, Mr. Henry Birkhardt;male;45;83.48;S
1;1;Harris, Mrs. Henry Birkhardt (Irene Wallach);female;35;83.48;S
1;0;Harrison, Mr. William;male;40;0;S
1;1;Hassab, Mr. Hammad;male;27;76.73;C
1;1;Hawksford, Mr. Walter James;male;45;30;S
1;1;Hays, Miss. Margaret Bechstein;female;24;83.16;C
1;0;Hays, Mr. Charles Melville;male;55;93.5;S
1;1;Hays, Mrs. Charles Melville (Clara Jennings Gregg);female;52;93.5;S
1;0;Head, Mr. Christopher;male;42;42.5;S
1;0;Hilliard, Mr. Herbert Henry;male;44;51.86;S
1;0;Hipkins, Mr. William Edward;male;55;50;S
1;1;Hippach, Miss. Jean Gertrude;female;16;57.98;C
1;1;Hippach, Mrs. Louis Albert (Ida Sophia Fischer);female;44;57.98;C
1;1;Hogeboom, Mrs. John C (Anna Andrews);female;51;77.96;S
1;0;Holverson, Mr. Alexander Oskar;male;42;52;S
1;1;Holverson, Mrs. Alexander Oskar (Mary Aline Towner);female;35;52;S
1;1;Homer, Mr. Harry (Mr E Haven);male;35;26.55;C
1;1;Hoyt, Mr. Frederick Maxfield;male;38;90;S
1;0;Hoyt, Mr. William Fisher;male;42;30.7;C
1;1;Hoyt, Mrs. Frederick Maxfield (Jane Anne Forby);female;35;90;S
1;1;Icard, Miss. Amelie;female;38;80;S
1;0;Isham, Miss. Ann Elizabeth;female;50;28.71;C
1;1;Ismay, Mr. Joseph Bruce;male;49;0;S
1;0;Jones, Mr. Charles Cresson;male;46;26;S
1;0;Julian, Mr. Henry Forbes;male;50;26;S
1;0;Keeping, Mr. Edwin;male;33;211.5;C
1;0;Kent, Mr. Edward Austin;male;58;29.7;C
1;0;Kenyon, Mr. Frederick R;male;41;51.86;S
1;1;Kenyon, Mrs. Frederick R (Marion);female;31;51.86;S
1;1;Kimball, Mr. Edwin Nelson Jr;male;42;52.55;S
1;1;Kimball, Mrs. Edwin Nelson Jr (Gertrude Parsons);female;45;52.55;S
1;0;Klaber, Mr. Herman;male;45;26.55;S
1;1;Kreuchen, Miss. Emilie;female;39;211.34;S
1;1;Leader, Dr. Alice (Farnham);female;49;25.93;S
1;1;LeRoy, Miss. Bertha;female;30;106.43;C
1;1;Lesurer, Mr. Gustave J;male;35;512.33;C
1;0;Lewy, Mr. Ervin G;male;31;27.72;C
1;0;Lindeberg-Lind, Mr. Erik Gustaf (Mr Edward Lingrey);male;42;26.55;S
1;1;Lindstrom, Mrs. Carl Johan (Sigrid Posse);female;55;27.72;C
1;1;Lines, Miss. Mary Conover;female;16;39.4;S
1;1;Lines, Mrs. Ernest H (Elizabeth Lindsey James);female;51;39.4;S
1;0;Long, Mr. Milton Clyde;male;29;30;S
1;1;Longley, Miss. Gretchen Fiske;female;21;77.96;S
1;0;Loring, Mr. Joseph Holland;male;30;45.5;S
1;1;Lurette, Miss. Elise;female;58;146.52;C
1;1;Madill, Miss. Georgette Alexandra;female;15;211.34;S
1;0;Maguire, Mr. John Edward;male;30;26;S
1;1;Maioni, Miss. Roberta;female;16;86.5;S
1;1;Marechal, Mr. Pierre;male;28;29.7;C
1;0;Marvin, Mr. Daniel Warner;male;19;53.1;S
1;1;Marvin, Mrs. Daniel Warner (Mary Graham Carmichael Farquarson);female;18;53.1;S
1;1;Mayne, Mlle. Berthe Antonine (Mrs de Villiers);female;24;49.5;C
1;0;McCaffry, Mr. Thomas Francis;male;46;75.24;C
1;0;McCarthy, Mr. Timothy J;male;54;51.86;S
1;1;McGough, Mr. James Robert;male;36;26.29;S
1;0;Meyer, Mr. Edgar Joseph;male;28;82.17;C
1;1;Meyer, Mrs. Edgar Joseph (Leila Saks);female;25;82.17;C
1;0;Millet, Mr. Francis Davis;male;65;26.55;S
1;0;Minahan, Dr. William Edward;male;44;90;Q
1;1;Minahan, Miss. Daisy E;female;33;90;Q
1;1;Minahan, Mrs. William Edward (Lillian E Thorpe);female;37;90;Q
1;1;Mock, Mr. Philipp Edmund;male;30;57.75;C
1;0;Molson, Mr. Harry Markland;male;55;30.5;S
1;0;Moore, Mr. Clarence Bloomfield;male;47;42.4;S
1;0;Natsch, Mr. Charles H;male;37;29.7;C
1;1;Newell, Miss. Madeleine;female;31;113.28;C
1;1;Newell, Miss. Marjorie;female;23;113.28;C
1;0;Newell, Mr. Arthur Webster;male;58;113.28;C
1;1;Newsom, Miss. Helen Monypeny;female;19;26.28;S
1;0;Nicholson, Mr. Arthur Ernest;male;64;26;S
1;1;Oliva y Ocana, Dona. Fermina;female;39;108.9;C
1;1;Omont, Mr. Alfred Fernand;male;29;25.74;C
1;1;Ostby, Miss. Helene Ragnhild;female;22;61.98;C
1;0;Ostby, Mr. Engelhart Cornelius;male;65;61.98;C
1;0;Ovies y Rodriguez, Mr. Servando;male;29;27.72;C
1;0;Parr, Mr. William Henry Marsh;male;29;0;S
1;0;Partner, Mr. Austen;male;46;28.5;S
1;0;Payne, Mr. Vivian Ponsonby;male;23;93.5;S
1;0;Pears, Mr. Thomas Clinton;male;29;66.6;S
1;1;Pears, Mrs. Thomas (Edith Wearne);female;22;66.6;S
1;0;Penasco y Castellana, Mr. Victor de Satode;male;18;108.9;C
1;1;Penasco y Castellana, Mrs. Victor de Satode (Maria Josefa Perez de Soto y Vallejo);female;17;108.9;C
1;1;Perreault, Miss. Anne;female;30;93.5;S
1;1;Peuchen, Major. Arthur Godfrey;male;52;30.5;S
1;0;Porter, Mr. Walter Chamberlain;male;47;52;S
1;1;Potter, Mrs. Thomas Jr (Lily Alexenia Wilson);female;56;83.16;C
1;0;Reuchlin, Jonkheer. John George;male;38;0;S
1;1;Rheims, Mr. George Alexander Lucien;male;36;39.6;S
1;0;Ringhini, Mr. Sante;male;22;135.63;C
1;0;Robbins, Mr. Victor;male;45;227.53;C
1;1;Robert, Mrs. Edward Scott (Elisabeth Walton McMillan);female;43;211.34;S
1;0;Roebling, Mr. Washington Augustus II;male;31;50.5;S
1;1;Romaine, Mr. Charles Hallace (Mr C Rolmane);male;45;26.55;S
1;0;Rood, Mr. Hugh Roscoe;male;38;50;S
1;1;Rosenbaum, Miss. Edith Louise;female;33;27.72;C
1;0;Rosenshine, Mr. George (Mr George Thorne);male;46;79.2;C
1;0;Ross, Mr. John Hugo;male;36;40.13;C
1;1;Rothes, the Countess. of (Lucy Noel Martha Dyer-Edwards);female;33;86.5;S
1;0;Rothschild, Mr. Martin;male;55;59.4;C
1;1;Rothschild, Mrs. Martin (Elizabeth L. Barrett);female;54;59.4;C
1;0;Rowe, Mr. Alfred G;male;33;26.55;S
1;1;Ryerson, Master. John Borie;male;13;262.38;C
1;1;Ryerson, Miss. Emily Borie;female;18;262.38;C
1;1;Ryerson, Miss. Susan Parker Suzette;female;21;262.38;C
1;0;Ryerson, Mr. Arthur Larned;male;61;262.38;C
1;1;Ryerson, Mrs. Arthur Larned (Emily Maria Borie);female;48;262.38;C
1;1;Saalfeld, Mr. Adolphe;male;47;30.5;S
1;1;Sagesser, Mlle. Emma;female;24;69.3;C
1;1;Salomon, Mr. Abraham L;male;43;26;S
1;1;Schabert, Mrs. Paul (Emma Mock);female;35;57.75;C
1;1;Serepeca, Miss. Augusta;female;30;31;C
1;1;Seward, Mr. Frederic Kimber;male;34;26.55;S
1;1;Shutes, Miss. Elizabeth W;female;40;153.46;S
1;1;Silverthorne, Mr. Spencer Victor;male;35;26.29;S
1;0;Silvey, Mr. William Baird;male;50;55.9;S
1;1;Silvey, Mrs. William Baird (Alice Munger);female;39;55.9;S
1;1;Simonius-Blumer, Col. Oberst Alfons;male;56;35.5;C
1;1;Sloper, Mr. William Thompson;male;28;35.5;S
1;0;Smart, Mr. John Montgomery;male;56;26.55;S
1;0;Smith, Mr. James Clinch;male;56;30.7;C
1;0;Smith, Mr. Lucien Philip;male;24;60;S
1;0;Smith, Mr. Richard William;male;57;26;S
1;1;Smith, Mrs. Lucien Philip (Mary Eloise Hughes);female;18;60;S
1;1;Snyder, Mr. John Pillsbury;male;24;82.27;S
1;1;Snyder, Mrs. John Pillsbury (Nelle Stevenson);female;23;82.27;S
1;1;Spedden, Master. Robert Douglas;male;6;134.5;C
1;1;Spedden, Mr. Frederic Oakley;male;45;134.5;C
1;1;Spedden, Mrs. Frederic Oakley (Margaretta Corning Stone);female;40;134.5;C
1;0;Spencer, Mr. William Augustus;male;57;146.52;C
1;1;Spencer, Mrs. William Augustus (Marie Eugenie);female;45;146.52;C
1;1;Stahelin-Maeglin, Dr. Max;male;32;30.5;C
1;0;Stead, Mr. William Thomas;male;62;26.55;S
1;1;Stengel, Mr. Charles Emil Henry;male;54;55.44;C
1;1;Stengel, Mrs. Charles Emil Henry (Annie May Morris);female;43;55.44;C
1;1;Stephenson, Mrs. Walter Bertram (Martha Eustis);female;52;78.27;C
1;0;Stewart, Mr. Albert A;male;54;27.72;C
1;1;Stone, Mrs. George Nelson (Martha Evelyn);female;62;80;S
1;0;Straus, Mr. Isidor;male;67;221.78;S
1;0;Straus, Mrs. Isidor (Rosalie Ida Blun);female;63;221.78;S
1;0;Sutton, Mr. Frederick;male;61;32.32;S
1;1;Swift, Mrs. Frederick Joel (Margaret Welles Barron);female;48;25.93;S
1;1;Taussig, Miss. Ruth;female;18;79.65;S
1;0;Taussig, Mr. Emil;male;52;79.65;S
1;1;Taussig, Mrs. Emil (Tillie Mandelbaum);female;39;79.65;S
1;1;Taylor, Mr. Elmer Zebley;male;48;52;S
1;1;Taylor, Mrs. Elmer Zebley (Juliet Cummins Wright);female;48;52;S
1;0;Thayer, Mr. John Borland;male;49;110.88;C
1;1;Thayer, Mr. John Borland Jr;male;17;110.88;C
1;1;Thayer, Mrs. John Borland (Marian Longstreth Morris);female;39;110.88;C
1;1;Thorne, Mrs. Gertrude Maybelle;female;37;79.2;C
1;1;Tucker, Mr. Gilbert Milligan Jr;male;31;28.54;C
1;0;Uruchurtu, Don. Manuel E;male;40;27.72;C
1;0;Van der hoef, Mr. Wyckoff;male;61;33.5;S
1;0;Walker, Mr. William Anderson;male;47;34.02;S
1;1;Ward, Miss. Anna;female;35;512.33;C
1;0;Warren, Mr. Frank Manley;male;64;75.25;C
1;1;Warren, Mrs. Frank Manley (Anna Sophia Atkinson);female;60;75.25;C
1;0;Weir, Col. John;male;60;26.55;S
1;0;White, Mr. Percival Wayland;male;54;77.29;S
1;0;White, Mr. Richard Frasar;male;21;77.29;S
1;1;White, Mrs. John Stuart (Ella Holmes);female;55;135.63;C
1;1;Wick, Miss. Mary Natalie;female;31;164.87;S
1;0;Wick, Mr. George Dennick;male;57;164.87;S
1;1;Wick, Mrs. George Dennick (Mary Hitchcock);female;45;164.87;S
1;0;Widener, Mr. George Dunton;male;50;211.5;C
1;0;Widener, Mr. Harry Elkins;male;27;211.5;C
1;1;Widener, Mrs. George Dunton (Eleanor Elkins);female;50;211.5;C
1;1;Willard, Miss. Constance;female;21;26.55;S
1;0;Williams, Mr. Charles Duane;male;51;61.38;C
1;1;Williams, Mr. Richard Norris II;male;21;61.38;C
1;0;Williams-Lambert, Mr. Fletcher Fellows;male;43;35;S
1;1;Wilson, Miss. Helen Alice;female;31;134.5;C
1;1;Woolner, Mr. Hugh;male;45;35.5;S
1;0;Wright, Mr. George;male;62;26.55;S
1;1;Young, Miss. Marie Grice;female;36;135.63;C
2;0;Abelson, Mr. Samuel;male;30;24;C
2;1;Abelson, Mrs. Samuel (Hannah Wizosky);female;28;24;C
2;0;Aldworth, Mr. Charles Augustus;male;30;13;S
2;0;Andrew, Mr. Edgardo Samuel;male;18;11.5;S
2;0;Andrew, Mr. Frank Thomas;male;25;10.5;S
2;0;Angle, Mr. William A;male;34;26;S
2;1;Angle, Mrs. William A (Florence Mary Agnes Hughes);female;36;26;S
2;0;Ashby, Mr. John;male;57;13;S
2;0;Bailey, Mr. Percy Andrew;male;18;11.5;S
2;0;Baimbrigge, Mr. Charles Robert;male;23;10.5;S
2;1;Ball, Mrs. (Ada E Hall);female;36;13;S
2;0;Banfield, Mr. Frederick James;male;28;10.5;S
2;0;Bateman, Rev. Robert James;male;51;12.53;S
2;1;Beane, Mr. Edward;male;32;26;S
2;1;Beane, Mrs. Edward (Ethel Clarke);female;19;26;S
2;0;Beauchamp, Mr. Henry James;male;28;26;S
2;1;Becker, Master. Richard F;male;1;39;S
2;1;Becker, Miss. Marion Louise;female;4;39;S
2;1;Becker, Miss. Ruth Elizabeth;female;12;39;S
2;1;Becker, Mrs. Allen Oliver (Nellie E Baumgardner);female;36;39;S
2;1;Beesley, Mr. Lawrence;male;34;13;S
2;1;Bentham, Miss. Lilian W;female;19;13;S
2;0;Berriman, Mr. William John;male;23;13;S
2;0;Botsford, Mr. William Hull;male;26;13;S
2;0;Bowenur, Mr. Solomon;male;42;13;S
2;0;Bracken, Mr. James H;male;27;13;S
2;1;Brown, Miss. Amelia Mildred;female;24;13;S
2;1;Brown, Miss. Edith Eileen;female;15;39;S
2;0;Brown, Mr. Thomas William Solomon;male;60;39;S
2;1;Brown, Mrs. Thomas William Solomon (Elizabeth Catherine Ford);female;40;39;S
2;1;Bryhl, Miss. Dagmar Jenny Ingeborg ;female;20;26;S
2;0;Bryhl, Mr. Kurt Arnold Gottfrid;male;25;26;S
2;1;Buss, Miss. Kate;female;36;13;S
2;0;Butler, Mr. Reginald Fenton;male;25;13;S
2;0;Byles, Rev. Thomas Roussel Davids;male;42;13;S
2;1;Bystrom, Mrs. (Karolina);female;42;13;S
2;1;Caldwell, Master. Alden Gates;male;1;29;S
2;1;Caldwell, Mr. Albert Francis;male;26;29;S
2;1;Caldwell, Mrs. Albert Francis (Sylvia Mae Harbaugh);female;22;29;S
2;1;Cameron, Miss. Clear Annie;female;35;21;S
2;0;Campbell, Mr. William;male;21;0;S
2;0;Carbines, Mr. William;male;19;13;S
2;0;Carter, Mrs. Ernest Courtenay (Lilian Hughes);female;44;26;S
2;0;Carter, Rev. Ernest Courtenay;male;54;26;S
2;0;Chapman, Mr. Charles Henry;male;52;13.5;S
2;0;Chapman, Mr. John Henry;male;37;26;S
2;0;Chapman, Mrs. John Henry (Sara Elizabeth Lawry);female;29;26;S
2;1;Christy, Miss. Julie Rachel;female;25;30;S
2;1;Christy, Mrs. (Alice Frances);female;45;30;S
2;0;Clarke, Mr. Charles Valentine;male;29;26;S
2;1;Clarke, Mrs. Charles V (Ada Maria Winfield);female;28;26;S
2;0;Coleridge, Mr. Reginald Charles;male;29;10.5;S
2;0;Collander, Mr. Erik Gustaf;male;28;13;S
2;1;Collett, Mr. Sidney C Stuart;male;24;10.5;S
2;1;Collyer, Miss. Marjorie Lottie;female;8;26.25;S
2;0;Collyer, Mr. Harvey;male;31;26.25;S
2;1;Collyer, Mrs. Harvey (Charlotte Annie Tate);female;31;26.25;S
2;1;Cook, Mrs. (Selena Rogers);female;22;10.5;S
2;0;Corbett, Mrs. Walter H (Irene Colvin);female;30;13;S
2;0;Corey, Mrs. Percy C (Mary Phyllis Elizabeth Miller);female;30;21;S
2;0;Cotterill, Mr. Henry Harry;male;20;11.5;S
2;0;Cunningham, Mr. Alfred Fleming;male;21;0;S
2;1;Davies, Master. John Morgan Jr;male;8;36.75;S
2;0;Davies, Mr. Charles Henry;male;18;73.5;S
2;1;Davies, Mrs. John Morgan (Elizabeth Agnes Mary White) ;female;48;36.75;S
2;1;Davis, Miss. Mary;female;28;13;S
2;0;de Brito, Mr. Jose Joaquim;male;32;13;S
2;0;Deacon, Mr. Percy William;male;17;73.5;S
2;0;del Carlo, Mr. Sebastiano;male;29;27.72;C
2;1;del Carlo, Mrs. Sebastiano (Argenia Genovesi);female;24;27.72;C
2;0;Denbury, Mr. Herbert;male;25;31.5;S
2;0;Dibden, Mr. William;male;18;73.5;S
2;1;Doling, Miss. Elsie;female;18;23;S
2;1;Doling, Mrs. John T (Ada Julia Bone);female;34;23;S
2;0;Downton, Mr. William James;male;54;26;S
2;1;Drew, Master. Marshall Brines;male;8;32.5;S
2;0;Drew, Mr. James Vivian;male;42;32.5;S
2;1;Drew, Mrs. James Vivian (Lulu Thorne Christian);female;34;32.5;S
2;1;Duran y More, Miss. Asuncion;female;27;13.86;C
2;1;Duran y More, Miss. Florentina;female;30;13.86;C
2;0;Eitemiller, Mr. George Floyd;male;23;13;S
2;0;Enander, Mr. Ingvar;male;21;13;S
2;0;Fahlstrom, Mr. Arne Jonas;male;18;13;S
2;0;Faunthorpe, Mr. Harry;male;40;26;S
2;1;Faunthorpe, Mrs. Lizzie (Elizabeth Anne Wilkinson);female;29;26;S
2;0;Fillbrook, Mr. Joseph Charles;male;18;10.5;S
2;0;Fox, Mr. Stanley Hubert;male;36;13;S
2;0;Frost, Mr. Anthony Wood Archie;male;37;0;S
2;0;Funk, Miss. Annie Clemmer;female;38;13;S
2;0;Fynney, Mr. Joseph J;male;35;26;S
2;0;Gale, Mr. Harry;male;38;21;S
2;0;Gale, Mr. Shadrach;male;34;21;S
2;1;Garside, Miss. Ethel;female;34;13;S
2;0;Gaskell, Mr. Alfred;male;16;26;S
2;0;Gavey, Mr. Lawrence;male;26;10.5;S
2;0;Gilbert, Mr. William;male;47;10.5;S
2;0;Giles, Mr. Edgar;male;21;11.5;S
2;0;Giles, Mr. Frederick Edward;male;21;11.5;S
2;0;Giles, Mr. Ralph;male;24;13.5;S
2;0;Gill, Mr. John William;male;24;13;S
2;0;Gillespie, Mr. William Henry;male;34;13;S
2;0;Givard, Mr. Hans Kristensen;male;30;13;S
2;0;Greenberg, Mr. Samuel;male;52;13;S
2;0;Hale, Mr. Reginald;male;30;13;S
2;1;Hamalainen, Master. Viljo;male;1;14.5;S
2;1;Hamalainen, Mrs. William (Anna);female;24;14.5;S
2;0;Harbeck, Mr. William H;male;44;13;S
2;1;Harper, Miss. Annie Jessie Nina;female;6;33;S
2;0;Harper, Rev. John;male;28;33;S
2;1;Harris, Mr. George;male;62;10.5;S
2;0;Harris, Mr. Walter;male;30;10.5;S
2;1;Hart, Miss. Eva Miriam;female;7;26.25;S
2;0;Hart, Mr. Benjamin;male;43;26.25;S
2;1;Hart, Mrs. Benjamin (Esther Ada Bloomfield);female;45;26.25;S
2;1;Herman, Miss. Alice;female;24;65;S
2;1;Herman, Miss. Kate;female;24;65;S
2;0;Herman, Mr. Samuel;male;49;65;S
2;1;Herman, Mrs. Samuel (Jane Laver);female;48;65;S
2;1;Hewlett, Mrs. (Mary D Kingcome) ;female;55;16;S
2;0;Hickman, Mr. Leonard Mark;male;24;73.5;S
2;0;Hickman, Mr. Lewis;male;32;73.5;S
2;0;Hickman, Mr. Stanley George;male;21;73.5;S
2;0;Hiltunen, Miss. Marta;female;18;13;S
2;1;Hocking, Miss. Ellen Nellie;female;20;23;S
2;0;Hocking, Mr. Richard George;male;23;11.5;S
2;0;Hocking, Mr. Samuel James Metcalfe;male;36;13;S
2;1;Hocking, Mrs. Elizabeth (Eliza Needs);female;54;23;S
2;0;Hodges, Mr. Henry Price;male;50;13;S
2;0;Hold, Mr. Stephen;male;44;26;S
2;1;Hold, Mrs. Stephen (Annie Margaret Hill);female;29;26;S
2;0;Hood, Mr. Ambrose Jr;male;21;73.5;S
2;1;Hosono, Mr. Masabumi;male;42;13;S
2;0;Howard, Mr. Benjamin;male;63;26;S
2;0;Howard, Mrs. Benjamin (Ellen Truelove Arman);female;60;26;S
2;0;Hunt, Mr. George Henry;male;33;12.28;S
2;1;Ilett, Miss. Bertha;female;17;10.5;S
2;0;Jacobsohn, Mr. Sidney Samuel;male;42;27;S
2;1;Jacobsohn, Mrs. Sidney Samuel (Amy Frances Christy);female;24;27;S
2;0;Jarvis, Mr. John Denzil;male;47;15;S
2;0;Jefferys, Mr. Clifford Thomas;male;24;31.5;S
2;0;Jefferys, Mr. Ernest Wilfred;male;22;31.5;S
2;0;Jenkin, Mr. Stephen Curnow;male;32;10.5;S
2;1;Jerwan, Mrs. Amin S (Marie Marthe Thuillard);female;23;13.79;C
2;0;Kantor, Mr. Sinai;male;34;26;S
2;1;Kantor, Mrs. Sinai (Miriam Sternin);female;24;26;S
2;0;Karnes, Mrs. J Frank (Claire Bennett);female;22;21;S
2;1;Keane, Miss. Nora A;female;46;12.35;Q
2;0;Keane, Mr. Daniel;male;35;12.35;Q
2;1;Kelly, Mrs. Florence Fannie;female;45;13.5;S
2;0;Kirkland, Rev. Charles Leonard;male;57;12.35;Q
2;0;Knight, Mr. Robert J;male;39;0;S
2;0;Kvillner, Mr. Johan Henrik Johannesson;male;31;10.5;S
2;0;Lahtinen, Mrs. William (Anna Sylfven);female;26;26;S
2;0;Lahtinen, Rev. William;male;30;26;S
2;0;Lamb, Mr. John Joseph;male;30;10.71;Q
2;1;Laroche, Miss. Louise;female;1;41.58;C
2;1;Laroche, Miss. Simonne Marie Anne Andree;female;3;41.58;C
2;0;Laroche, Mr. Joseph Philippe Lemercier;male;25;41.58;C
2;1;Laroche, Mrs. Joseph (Juliette Marie Louise Lafargue);female;22;41.58;C
2;1;Lehmann, Miss. Bertha;female;17;12;C
2;1;Leitch, Miss. Jessie Wills;female;31;33;S
2;1;Lemore, Mrs. (Amelia Milley);female;34;10.5;S
2;0;Levy, Mr. Rene Jacques;male;36;12.88;C
2;0;Leyson, Mr. Robert William Norman;male;24;10.5;S
2;0;Lingane, Mr. John;male;61;12.35;Q
2;0;Louch, Mr. Charles Alexander;male;50;26;S
2;1;Louch, Mrs. Charles Alexander (Alice Adelaide Slow);female;42;26;S
2;0;Mack, Mrs. (Mary);female;57;10.5;S
2;0;Malachard, Mr. Noel;male;25;15.05;C
2;1;Mallet, Master. Andre;male;1;37;C
2;0;Mallet, Mr. Albert;male;31;37;C
2;1;Mallet, Mrs. Albert (Antoinette Magnin);female;24;37;C
2;0;Mangiavacchi, Mr. Serafino Emilio;male;30;15.58;C
2;0;Matthews, Mr. William John;male;30;13;S
2;0;Maybery, Mr. Frank Hubert;male;40;16;S
2;0;McCrae, Mr. Arthur Gordon;male;32;13.5;S
2;0;McCrie, Mr. James Matthew;male;30;13;S
2;0;McKane, Mr. Peter David;male;46;26;S
2;1;Mellinger, Miss. Madeleine Violet;female;13;19.5;S
2;1;Mellinger, Mrs. (Elizabeth Anne Maidment);female;41;19.5;S
2;1;Mellors, Mr. William John;male;19;10.5;S
2;0;Meyer, Mr. August;male;39;13;S
2;0;Milling, Mr. Jacob Christian;male;48;13;S
2;0;Mitchell, Mr. Henry Michael;male;70;10.5;S
2;0;Montvila, Rev. Juozas;male;27;13;S
2;0;Moraweck, Dr. Ernest;male;54;14;S
2;0;Morley, Mr. Henry Samuel (Mr Henry Marshall);male;39;26;S
2;0;Mudd, Mr. Thomas Charles;male;16;10.5;S
2;0;Myles, Mr. Thomas Francis;male;62;9.69;Q
2;0;Nasser, Mr. Nicholas;male;33;30.07;C
2;1;Nasser, Mrs. Nicholas (Adele Achem);female;14;30.07;C
2;1;Navratil, Master. Edmond Roger;male;2;26;S
2;1;Navratil, Master. Michel M;male;3;26;S
2;0;Navratil, Mr. Michel (Louis M Hoffman);male;37;26;S
2;0;Nesson, Mr. Israel;male;26;13;S
2;0;Nicholls, Mr. Joseph Charles;male;19;36.75;S
2;0;Norman, Mr. Robert Douglas;male;28;13.5;S
2;1;Nourney, Mr. Alfred (Baron von Drachstedt);male;20;13.86;C
2;1;Nye, Mrs. (Elizabeth Ramell);female;29;10.5;S
2;0;Otter, Mr. Richard;male;39;13;S
2;1;Oxenham, Mr. Percy Thomas;male;22;10.5;S
2;1;Padro y Manent, Mr. Julian;male;26;13.86;C
2;0;Pain, Dr. Alfred;male;23;10.5;S
2;1;Pallas y Castello, Mr. Emilio;male;29;13.86;C
2;0;Parker, Mr. Clifford Richard;male;28;10.5;S
2;0;Parkes, Mr. Francis Frank;male;18;0;S
2;1;Parrish, Mrs. (Lutie Davis);female;50;26;S
2;0;Pengelly, Mr. Frederick William;male;19;10.5;S
2;0;Pernot, Mr. Rene;male;39;15.05;C
2;0;Peruschitz, Rev. Joseph Maria;male;41;13;S
2;1;Phillips, Miss. Alice Frances Louisa;female;21;21;S
2;1;Phillips, Miss. Kate Florence (Mrs Kate Louise Phillips Marshall);female;19;26;S
2;0;Phillips, Mr. Escott Robert;male;43;21;S
2;1;Pinsky, Mrs. (Rosa);female;32;13;S
2;0;Ponesell, Mr. Martin;male;34;13;S
2;1;Portaluppi, Mr. Emilio Ilario Giuseppe;male;30;12.74;C
2;0;Pulbaum, Mr. Franz;male;27;15.03;C
2;1;Quick, Miss. Phyllis May;female;2;26;S
2;1;Quick, Miss. Winifred Vera;female;8;26;S
2;1;Quick, Mrs. Frederick Charles (Jane Richards);female;33;26;S
2;0;Reeves, Mr. David;male;36;10.5;S
2;0;Renouf, Mr. Peter Henry;male;34;21;S
2;1;Renouf, Mrs. Peter Henry (Lillian Jefferys);female;30;21;S
2;1;Reynaldo, Ms. Encarnacion;female;28;13;S
2;0;Richard, Mr. Emile;male;23;15.05;C
2;1;Richards, Master. George Sibley;male;1;18.75;S
2;1;Richards, Master. William Rowe;male;3;18.75;S
2;1;Richards, Mrs. Sidney (Emily Hocking);female;24;18.75;S
2;1;Ridsdale, Miss. Lucy;female;50;10.5;S
2;0;Rogers, Mr. Reginald Harry;male;19;10.5;S
2;1;Rugg, Miss. Emily;female;21;10.5;S
2;0;Schmidt, Mr. August;male;26;13;S
2;0;Sedgwick, Mr. Charles Frederick Waddington;male;25;13;S
2;0;Sharp, Mr. Percival James R;male;27;26;S
2;1;Shelley, Mrs. William (Imanita Parrish Hall);female;25;26;S
2;1;Silven, Miss. Lyyli Karoliina;female;18;13;S
2;1;Sincock, Miss. Maude;female;20;36.75;S
2;1;Sinkkonen, Miss. Anna;female;30;13;S
2;0;Sjostedt, Mr. Ernst Adolf;male;59;13.5;S
2;1;Slayter, Miss. Hilda Mary;female;30;12.35;Q
2;0;Slemen, Mr. Richard James;male;35;10.5;S
2;1;Smith, Miss. Marion Elsie;female;40;13;S
2;0;Sobey, Mr. Samuel James Hayden;male;25;13;S
2;0;Stanton, Mr. Samuel Ward;male;41;15.05;C
2;0;Stokes, Mr. Philip Joseph;male;25;10.5;S
2;0;Swane, Mr. George;male;19;13;S
2;0;Sweet, Mr. George Frederick;male;14;65;S
2;1;Toomey, Miss. Ellen;female;50;10.5;S
2;0;Troupiansky, Mr. Moses Aaron;male;23;13;S
2;1;Trout, Mrs. William H (Jessie L);female;28;12.65;S
2;1;Troutt, Miss. Edwina Celia Winnie;female;27;10.5;S
2;0;Turpin, Mr. William John Robert;male;29;21;S
2;0;Turpin, Mrs. William John Robert (Dorothy Ann Wonnacott);female;27;21;S
2;0;Veal, Mr. James;male;40;13;S
2;1;Walcroft, Miss. Nellie;female;31;21;S
2;0;Ware, Mr. John James;male;30;21;S
2;0;Ware, Mr. William Jeffery;male;23;10.5;S
2;1;Ware, Mrs. John James (Florence Louise Long);female;31;21;S
2;0;Watson, Mr. Ennis Hastings;male;15;0;S
2;1;Watt, Miss. Bertha J;female;12;15.75;S
2;1;Watt, Mrs. James (Elizabeth Bessie Inglis Milne);female;40;15.75;S
2;1;Webber, Miss. Susan;female;33;13;S
2;0;Weisz, Mr. Leopold;male;27;26;S
2;1;Weisz, Mrs. Leopold (Mathilde Francoise Pede);female;29;26;S
2;1;Wells, Master. Ralph Lester;male;2;23;S
2;1;Wells, Miss. Joan;female;4;23;S
2;1;Wells, Mrs. Arthur Henry (Addie Dart Trevaskis);female;29;23;S
2;1;West, Miss. Barbara J;female;1;27.75;S
2;1;West, Miss. Constance Mirium;female;5;27.75;S
2;0;West, Mr. Edwy Arthur;male;36;27.75;S
2;1;West, Mrs. Edwy Arthur (Ada Mary Worth);female;33;27.75;S
2;0;Wheadon, Mr. Edward H;male;66;10.5;S
2;0;Wheeler, Mr. Edwin Frederick;male;24;12.88;S
2;1;Wilhelms, Mr. Charles;male;31;13;S
2;1;Williams, Mr. Charles Eugene;male;23;13;S
2;1;Wright, Miss. Marion;female;26;13.5;S
2;0;Yrois, Miss. Henriette (Mrs Harbeck);female;24;13;S
3;0;Abbing, Mr. Anthony;male;42;7.55;S
3;0;Abbott, Master. Eugene Joseph;male;13;20.25;S
3;0;Abbott, Mr. Rossmore Edward;male;16;20.25;S
3;1;Abbott, Mrs. Stanton (Rosa Hunt);female;35;20.25;S
3;1;Abelseth, Miss. Karen Marie;female;16;7.65;S
3;1;Abelseth, Mr. Olaus Jorgensen;male;25;7.65;S
3;1;Abrahamsson, Mr. Abraham August Johannes;male;20;7.93;S
3;1;Abrahim, Mrs. Joseph (Sophie Halaut Easu);female;18;7.23;C
3;0;Adahl, Mr. Mauritz Nils Martin;male;30;7.25;S
3;0;Adams, Mr. John;male;26;8.05;S
3;0;Ahlin, Mrs. Johan (Johanna Persdotter Larsson);female;40;9.48;S
3;1;Aks, Master. Philip Frank;male;1;9.35;S
3;1;Aks, Mrs. Sam (Leah Rosen);female;18;9.35;S
3;1;Albimona, Mr. Nassef Cassem;male;26;18.79;C
3;0;Alexander, Mr. William;male;26;7.89;S
3;0;Alhomaki, Mr. Ilmari Rudolf;male;20;7.93;S
3;0;Ali, Mr. Ahmed;male;24;7.05;S
3;0;Ali, Mr. William;male;25;7.05;S
3;0;Allen, Mr. William Henry;male;35;8.05;S
3;0;Allum, Mr. Owen George;male;18;8.3;S
3;0;Andersen, Mr. Albert Karvin;male;32;22.53;S
3;1;Andersen-Jensen, Miss. Carla Christine Nielsine;female;19;7.85;S
3;0;Andersson, Master. Sigvard Harald Elias;male;4;31.28;S
3;0;Andersson, Miss. Ebba Iris Alfrida;female;6;31.28;S
3;0;Andersson, Miss. Ellis Anna Maria;female;2;31.28;S
3;1;Andersson, Miss. Erna Alexandra;female;17;7.93;S
3;0;Andersson, Miss. Ida Augusta Margareta;female;38;7.78;S
3;0;Andersson, Miss. Ingeborg Constanzia;female;9;31.28;S
3;0;Andersson, Miss. Sigrid Elisabeth;female;11;31.28;S
3;0;Andersson, Mr. Anders Johan;male;39;31.28;S
3;1;Andersson, Mr. August Edvard (Wennerstrom);male;27;7.8;S
3;0;Andersson, Mr. Johan Samuel;male;26;7.78;S
3;0;Andersson, Mrs. Anders Johan (Alfrida Konstantia Brogren);female;39;31.28;S
3;0;Andreasson, Mr. Paul Edvin;male;20;7.85;S
3;0;Angheloff, Mr. Minko;male;26;7.9;S
3;0;Arnold-Franchi, Mr. Josef;male;25;17.8;S
3;0;Arnold-Franchi, Mrs. Josef (Josefine Franchi);female;18;17.8;S
3;0;Aronsson, Mr. Ernst Axel Algot;male;24;7.78;S
3;0;Asim, Mr. Adola;male;35;7.05;S
3;0;Asplund, Master. Carl Edgar;male;5;31.39;S
3;0;Asplund, Master. Clarence Gustaf Hugo;male;9;31.39;S
3;1;Asplund, Master. Edvin Rojj Felix;male;3;31.39;S
3;0;Asplund, Master. Filip Oscar;male;13;31.39;S
3;1;Asplund, Miss. Lillian Gertrud;female;5;31.39;S
3;0;Asplund, Mr. Carl Oscar Vilhelm Gustafsson;male;40;31.39;S
3;1;Asplund, Mr. Johan Charles;male;23;7.8;S
3;1;Asplund, Mrs. Carl Oscar (Selma Augusta Emilia Johansson);female;38;31.39;S
3;1;Assaf Khalil, Mrs. Mariana (Miriam);female;45;7.23;C
3;0;Assaf, Mr. Gerios;male;21;7.23;C
3;0;Assam, Mr. Ali;male;23;7.05;S
3;0;Attalah, Miss. Malake;female;17;14.46;C
3;0;Attalah, Mr. Sleiman;male;30;7.23;C
3;0;Augustsson, Mr. Albert;male;23;7.85;S
3;1;Ayoub, Miss. Banoura;female;13;7.23;C
3;0;Baccos, Mr. Raffull;male;20;7.23;C
3;0;Backstrom, Mr. Karl Alfred;male;32;15.85;S
3;1;Backstrom, Mrs. Karl Alfred (Maria Mathilda Gustafsson);female;33;15.85;S
3;1;Baclini, Miss. Eugenie;female;1;19.26;C
3;1;Baclini, Miss. Helene Barbara;female;1;19.26;C
3;1;Baclini, Miss. Marie Catherine;female;5;19.26;C
3;1;Baclini, Mrs. Solomon (Latifa Qurban);female;24;19.26;C
3;1;Badman, Miss. Emily Louisa;female;18;8.05;S
3;0;Badt, Mr. Mohamed;male;40;7.23;C
3;0;Balkic, Mr. Cerin;male;26;7.9;S
3;1;Barah, Mr. Hanna Assi;male;20;7.23;C
3;0;Barbara, Miss. Saiide;female;18;14.45;C
3;0;Barbara, Mrs. (Catherine David);female;45;14.45;C
3;0;Barry, Miss. Julia;female;27;7.88;Q
3;0;Barton, Mr. David John;male;22;8.05;S
3;0;Beavan, Mr. William Thomas;male;19;8.05;S
3;0;Bengtsson, Mr. John Viktor;male;26;7.78;S
3;0;Berglund, Mr. Karl Ivar Sven;male;22;9.35;S
3;0;Betros, Master. Seman;male;20;7.23;C
3;0;Betros, Mr. Tannous;male;20;4.01;C
3;1;Bing, Mr. Lee;male;32;56.5;S
3;0;Birkeland, Mr. Hans Martin Monsen;male;21;7.78;S
3;0;Bjorklund, Mr. Ernst Herbert;male;18;7.75;S
3;0;Bostandyeff, Mr. Guentcho;male;26;7.9;S
3;0;Boulos, Master. Akar;male;6;15.25;C
3;0;Boulos, Miss. Nourelain;female;9;15.25;C
3;0;Boulos, Mr. Hanna;male;18;7.23;C
3;0;Boulos, Mrs. Joseph (Sultana);female;40;15.25;C
3;0;Bourke, Miss. Mary;female;40;7.75;Q
3;0;Bourke, Mr. John;male;40;15.5;Q
3;0;Bourke, Mrs. John (Catherine);female;32;15.5;Q
3;0;Bowen, Mr. David John Dai;male;21;16.1;S
3;1;Bradley, Miss. Bridget Delia;female;22;7.73;Q
3;0;Braf, Miss. Elin Ester Maria;female;20;7.85;S
3;0;Braund, Mr. Lewis Richard;male;29;7.05;S
3;0;Braund, Mr. Owen Harris;male;22;7.25;S
3;0;Brobeck, Mr. Karl Rudolf;male;22;7.8;S
3;0;Brocklebank, Mr. William Alfred;male;35;8.05;S
3;0;Buckley, Miss. Katherine;female;19;7.28;Q
3;1;Buckley, Mr. Daniel;male;21;7.82;Q
3;0;Burke, Mr. Jeremiah;male;19;6.75;Q
3;0;Burns, Miss. Mary Delia;female;18;7.88;Q
3;0;Cacic, Miss. Manda;female;21;8.66;S
3;0;Cacic, Miss. Marija;female;30;8.66;S
3;0;Cacic, Mr. Jego Grga;male;18;8.66;S
3;0;Cacic, Mr. Luka;male;38;8.66;S
3;0;Calic, Mr. Jovo;male;17;8.66;S
3;0;Calic, Mr. Petar;male;17;8.66;S
3;0;Canavan, Miss. Mary;female;21;7.75;Q
3;0;Canavan, Mr. Patrick;male;21;7.75;Q
3;0;Cann, Mr. Ernest Charles;male;21;8.05;S
3;0;Caram, Mr. Joseph;male;28;14.46;C
3;0;Caram, Mrs. Joseph (Maria Elias);female;18;14.46;C
3;0;Carlsson, Mr. August Sigfrid;male;28;7.8;S
3;0;Carlsson, Mr. Carl Robert;male;24;7.85;S
3;1;Carr, Miss. Helen Ellen;female;16;7.75;Q
3;0;Carr, Miss. Jeannie;female;37;7.75;Q
3;0;Carver, Mr. Alfred John;male;28;7.25;S
3;0;Celotti, Mr. Francesco;male;24;8.05;S
3;0;Charters, Mr. David;male;21;7.73;Q
3;1;Chip, Mr. Chang;male;32;56.5;S
3;0;Christmann, Mr. Emil;male;29;8.05;S
3;0;Chronopoulos, Mr. Apostolos;male;26;14.45;C
3;0;Chronopoulos, Mr. Demetrios;male;18;14.45;C
3;0;Coelho, Mr. Domingos Fernandeo;male;20;7.05;S
3;1;Cohen, Mr. Gurshon Gus;male;18;8.05;S
3;0;Colbert, Mr. Patrick;male;24;7.25;Q
3;0;Coleff, Mr. Peju;male;36;7.5;S
3;0;Coleff, Mr. Satio;male;24;7.5;S
3;0;Conlon, Mr. Thomas Henry;male;31;7.73;Q
3;0;Connaghton, Mr. Michael;male;31;7.75;Q
3;1;Connolly, Miss. Kate;female;22;7.75;Q
3;0;Connolly, Miss. Kate;female;30;7.63;Q
3;0;Connors, Mr. Patrick;male;71;7.75;Q
3;0;Cook, Mr. Jacob;male;43;8.05;S
3;0;Cor, Mr. Bartol;male;35;7.9;S
3;0;Cor, Mr. Ivan;male;27;7.9;S
3;0;Cor, Mr. Liudevit;male;19;7.9;S
3;0;Corn, Mr. Harry;male;30;8.05;S
3;1;Coutts, Master. Eden Leslie Neville;male;9;15.9;S
3;1;Coutts, Master. William Loch William;male;3;15.9;S
3;1;Coutts, Mrs. William (Winnie Minnie Treanor);female;36;15.9;S
3;0;Coxon, Mr. Daniel;male;59;7.25;S
3;0;Crease, Mr. Ernest James;male;19;8.16;S
3;1;Cribb, Miss. Laura Alice;female;17;16.1;S
3;0;Cribb, Mr. John Hatfield;male;44;16.1;S
3;0;Culumovic, Mr. Jeso;male;17;8.66;S
3;0;Daher, Mr. Shedid;male;23;7.23;C
3;1;Dahl, Mr. Karl Edwart;male;45;8.05;S
3;0;Dahlberg, Miss. Gerda Ulrika;female;22;10.52;S
3;0;Dakic, Mr. Branko;male;19;10.17;S
3;1;Daly, Miss. Margaret Marcella Maggie;female;30;6.95;Q
3;1;Daly, Mr. Eugene Patrick;male;29;7.75;Q
3;0;Danbom, Master. Gilbert Sigvard Emanuel;male;0;14.4;S
3;0;Danbom, Mr. Ernst Gilbert;male;34;14.4;S
3;0;Danbom, Mrs. Ernst Gilbert (Anna Sigrid Maria Brogren);female;28;14.4;S
3;0;Danoff, Mr. Yoto;male;27;7.9;S
3;0;Dantcheff, Mr. Ristiu;male;25;7.9;S
3;0;Davies, Mr. Alfred J;male;24;24.15;S
3;0;Davies, Mr. Evan;male;22;8.05;S
3;0;Davies, Mr. John Samuel;male;21;24.15;S
3;0;Davies, Mr. Joseph;male;17;8.05;S
3;0;Davison, Mr. Thomas Henry;male;32;16.1;S
3;1;Davison, Mrs. Thomas Henry (Mary E Finck);female;34;16.1;S
3;1;de Messemaeker, Mr. Guillaume Joseph;male;37;17.4;S
3;1;de Messemaeker, Mrs. Guillaume Joseph (Emma);female;36;17.4;S
3;1;de Mulder, Mr. Theodore;male;30;9.5;S
3;0;de Pelsmaeker, Mr. Alfons;male;16;9.5;S
3;1;Dean, Master. Bertram Vere;male;1;20.58;S
3;1;Dean, Miss. Elizabeth Gladys Millvina;female;0;20.58;S
3;0;Dean, Mr. Bertram Frank;male;26;20.58;S
3;1;Dean, Mrs. Bertram (Eva Georgetta Light);female;33;20.58;S
3;0;Delalic, Mr. Redjo;male;25;7.9;S
3;0;Demetri, Mr. Marinko;male;23;7.9;S
3;0;Denkoff, Mr. Mitto;male;30;7.9;S
3;0;Dennis, Mr. Samuel;male;22;7.25;S
3;0;Dennis, Mr. William;male;36;7.25;S
3;1;Devaney, Miss. Margaret Delia;female;19;7.88;Q
3;0;Dika, Mr. Mirko;male;17;7.9;S
3;0;Dimic, Mr. Jovan;male;42;8.66;S
3;0;Dintcheff, Mr. Valtcho;male;43;7.9;S
3;0;Doharr, Mr. Tannous;male;28;7.23;C
3;0;Dooley, Mr. Patrick;male;32;7.75;Q
3;1;Dorking, Mr. Edward Arthur;male;19;8.05;S
3;1;Dowdell, Miss. Elizabeth;female;30;12.48;S
3;0;Doyle, Miss. Elizabeth;female;24;7.75;Q
3;1;Drapkin, Miss. Jennie;female;23;8.05;S
3;0;Drazenoic, Mr. Jozef;male;33;7.9;C
3;0;Duane, Mr. Frank;male;65;7.75;Q
3;1;Duquemin, Mr. Joseph;male;24;7.55;S
3;0;Dyker, Mr. Adolf Fredrik;male;23;13.9;S
3;1;Dyker, Mrs. Adolf Fredrik (Anna Elisabeth Judith Andersson);female;22;13.9;S
3;0;Edvardsson, Mr. Gustaf Hjalmar;male;18;7.78;S
3;0;Eklund, Mr. Hans Linus;male;16;7.78;S
3;0;Ekstrom, Mr. Johan;male;45;6.98;S
3;0;Elias, Mr. Dibo;male;29;7.23;C
3;0;Elias, Mr. Joseph;male;39;7.23;C
3;0;Elias, Mr. Joseph Jr;male;17;7.23;C
3;0;Elias, Mr. Tannous;male;15;7.23;C
3;0;Elsbury, Mr. William James;male;47;7.25;S
3;1;Emanuel, Miss. Virginia Ethel;female;5;12.48;S
3;0;Emir, Mr. Farred Chehab;male;29;7.23;C
3;0;Everett, Mr. Thomas James;male;41;15.1;S
3;0;Farrell, Mr. James;male;41;7.75;Q
3;1;Finoli, Mr. Luigi;male;34;7.05;S
3;0;Fischer, Mr. Eberhard Thelander;male;18;7.8;S
3;0;Fleming, Miss. Honora;female;22;7.75;Q
3;0;Flynn, Mr. James;male;28;7.75;Q
3;0;Flynn, Mr. John;male;42;6.95;Q
3;0;Foley, Mr. Joseph;male;26;7.88;Q
3;0;Foley, Mr. William;male;20;7.75;Q
3;1;Foo, Mr. Choong;male;32;56.5;S
3;0;Ford, Miss. Doolina Margaret Daisy;female;21;34.38;S
3;0;Ford, Miss. Robina Maggie Ruby;female;9;34.38;S
3;0;Ford, Mr. Arthur;male;22;8.05;S
3;0;Ford, Mr. Edward Watson;male;18;34.38;S
3;0;Ford, Mr. William Neal;male;16;34.38;S
3;0;Ford, Mrs. Edward (Margaret Ann Watson);female;48;34.38;S
3;0;Fox, Mr. Patrick;male;22;7.75;Q
3;0;Franklin, Mr. Charles (Charles Fardon);male;38;7.25;S
3;0;Gallagher, Mr. Martin;male;25;7.74;Q
3;0;Garfirth, Mr. John;male;21;14.5;S
3;0;Gheorgheff, Mr. Stanio;male;25;7.9;C
3;0;Gilinski, Mr. Eliezer;male;22;8.05;S
3;1;Gilnagh, Miss. Katherine Katie;female;16;7.73;Q
3;1;Glynn, Miss. Mary Agatha;female;19;7.75;Q
3;1;Goldsmith, Master. Frank John William Frankie;male;9;20.53;S
3;0;Goldsmith, Mr. Frank John;male;33;20.53;S
3;0;Goldsmith, Mr. Nathan;male;41;7.85;S
3;1;Goldsmith, Mrs. Frank John (Emily Alice Brown);female;31;20.53;S
3;0;Goncalves, Mr. Manuel Estanslas;male;38;7.05;S
3;0;Goodwin, Master. Harold Victor;male;9;46.9;S
3;0;Goodwin, Master. Sidney Leonard;male;1;46.9;S
3;0;Goodwin, Master. William Frederick;male;11;46.9;S
3;0;Goodwin, Miss. Jessie Allis;female;10;46.9;S
3;0;Goodwin, Miss. Lillian Amy;female;16;46.9;S
3;0;Goodwin, Mr. Charles Edward;male;14;46.9;S
3;0;Goodwin, Mr. Charles Frederick;male;40;46.9;S
3;0;Goodwin, Mrs. Frederick (Augusta Tyler);female;43;46.9;S
3;0;Green, Mr. George Henry;male;51;8.05;S
3;0;Gronnestad, Mr. Daniel Danielsen;male;32;8.36;S
3;0;Guest, Mr. Robert;male;32;8.05;S
3;0;Gustafsson, Mr. Alfred Ossian;male;20;9.85;S
3;0;Gustafsson, Mr. Anders Vilhelm;male;37;7.93;S
3;0;Gustafsson, Mr. Johan Birger;male;28;7.93;S
3;0;Gustafsson, Mr. Karl Gideon;male;19;7.78;S
3;0;Haas, Miss. Aloisia;female;24;8.85;S
3;0;Hagardon, Miss. Kate;female;17;7.73;Q
3;0;Hagland, Mr. Ingvald Olai Olsen;male;28;19.97;S
3;0;Hagland, Mr. Konrad Mathias Reiersen;male;19;19.97;S
3;0;Hakkarainen, Mr. Pekka Pietari;male;28;15.85;S
3;1;Hakkarainen, Mrs. Pekka Pietari (Elin Matilda Dolck);female;24;15.85;S
3;0;Hampe, Mr. Leon;male;20;9.5;S
3;0;Hanna, Mr. Mansour;male;24;7.23;C
3;0;Hansen, Mr. Claus Peter;male;41;14.11;S
3;0;Hansen, Mr. Henrik Juul;male;26;7.85;S
3;0;Hansen, Mr. Henry Damsgaard;male;21;7.85;S
3;1;Hansen, Mrs. Claus Peter (Jennie L Howard);female;45;14.11;S
3;0;Harknett, Miss. Alice Phoebe;female;21;7.55;S
3;0;Harmer, Mr. Abraham (David Lishin);male;25;7.25;S
3;0;Hart, Mr. Henry;male;27;6.86;Q
3;0;Hassan, Mr. Houssein G N;male;11;18.79;C
3;1;Healy, Miss. Hanora Nora;female;29;7.75;Q
3;1;Hedman, Mr. Oskar Arvid;male;27;6.98;S
3;1;Hee, Mr. Ling;male;24;56.5;S
3;0;Hegarty, Miss. Hanora Nora;female;18;6.75;Q
3;1;Heikkinen, Miss. Laina;female;26;7.93;S
3;0;Heininen, Miss. Wendla Maria;female;23;7.93;S
3;1;Hellstrom, Miss. Hilda Maria;female;22;8.96;S
3;0;Hendekovic, Mr. Ignjac;male;28;7.9;S
3;0;Henriksson, Miss. Jenny Lovisa;female;28;7.78;S
3;0;Henry, Miss. Delia;female;23;7.75;Q
3;1;Hirvonen, Miss. Hildur E;female;2;12.29;S
3;1;Hirvonen, Mrs. Alexander (Helga E Lindqvist);female;22;12.29;S
3;0;Holm, Mr. John Fredrik Alexander;male;43;6.45;S
3;0;Holthen, Mr. Johan Martin;male;28;22.53;S
3;1;Honkanen, Miss. Eliina;female;27;7.93;S
3;0;Horgan, Mr. John;male;22;7.75;Q
3;1;Howard, Miss. May Elizabeth;female;27;8.05;S
3;0;Humblen, Mr. Adolf Mathias Nicolai Olsen;male;42;7.65;S
3;1;Hyman, Mr. Abraham;male;34;7.89;S
3;0;Ibrahim Shawah, Mr. Yousseff;male;30;7.23;C
3;0;Ilieff, Mr. Ylio;male;32;7.9;S
3;0;Ilmakangas, Miss. Ida Livija;female;27;7.93;S
3;0;Ilmakangas, Miss. Pieta Sofia;female;25;7.93;S
3;0;Ivanoff, Mr. Kanio;male;20;7.9;S
3;1;Jalsevac, Mr. Ivan;male;29;7.9;C
3;1;Jansson, Mr. Carl Olof;male;21;7.8;S
3;0;Jardin, Mr. Jose Neto;male;21;7.05;S
3;0;Jensen, Mr. Hans Peder;male;20;7.85;S
3;0;Jensen, Mr. Niels Peder;male;48;7.85;S
3;0;Jensen, Mr. Svend Lauritz;male;17;7.05;S
3;1;Jermyn, Miss. Annie;female;26;7.75;Q
3;1;Johannesen-Bratthammer, Mr. Bernt;male;29;8.11;S
3;0;Johanson, Mr. Jakob Alfred;male;34;6.5;S
3;1;Johansson Palmquist, Mr. Oskar Leander;male;26;7.78;S
3;0;Johansson, Mr. Erik;male;22;7.8;S
3;0;Johansson, Mr. Gustaf Joel;male;33;8.65;S
3;0;Johansson, Mr. Karl Johan;male;31;7.78;S
3;0;Johansson, Mr. Nils;male;29;7.85;S
3;1;Johnson, Master. Harold Theodor;male;4;11.13;S
3;1;Johnson, Miss. Eleanor Ileen;female;1;11.13;S
3;0;Johnson, Mr. Alfred;male;49;0;S
3;0;Johnson, Mr. Malkolm Joackim;male;33;7.78;S
3;0;Johnson, Mr. William Cahoone Jr;male;19;0;S
3;1;Johnson, Mrs. Oscar W (Elisabeth Vilhelmina Berg);female;27;11.13;S
3;0;Johnston, Master. William Arthur Willie;male;8;23.45;S
3;0;Johnston, Miss. Catherine Helen Carrie;female;7;23.45;S
3;0;Johnston, Mr. Andrew G;male;36;23.45;S
3;0;Johnston, Mrs. Andrew G (Elizabeth Lily Watson);female;36;23.45;S
3;0;Jonkoff, Mr. Lalio;male;23;7.9;S
3;1;Jonsson, Mr. Carl;male;32;7.85;S
3;0;Jonsson, Mr. Nils Hilding;male;27;7.85;S
3;0;Jussila, Miss. Katriina;female;20;9.83;S
3;0;Jussila, Miss. Mari Aina;female;21;9.83;S
3;1;Jussila, Mr. Eiriik;male;32;7.93;S
3;0;Kallio, Mr. Nikolai Erland;male;17;7.13;S
3;0;Kalvik, Mr. Johannes Halvorsen;male;21;8.43;S
3;0;Karaic, Mr. Milan;male;30;7.9;S
3;1;Karlsson, Mr. Einar Gervasius;male;21;7.8;S
3;0;Karlsson, Mr. Julius Konrad Eugen;male;33;7.85;S
3;0;Karlsson, Mr. Nils August;male;22;7.52;S
3;1;Karun, Miss. Manca;female;4;13.42;C
3;1;Karun, Mr. Franz;male;39;13.42;C
3;0;Kassem, Mr. Fared;male;18;7.23;C
3;0;Katavelas, Mr. Vassilios (Catavelas Vassilios);male;19;7.23;C
3;0;Keane, Mr. Andrew Andy;male;23;7.75;Q
3;0;Keefe, Mr. Arthur;male;39;7.25;S
3;1;Kelly, Miss. Anna Katherine Annie Kate;female;20;7.75;Q
3;1;Kelly, Miss. Mary;female;22;7.75;Q
3;0;Kelly, Mr. James;male;35;7.83;Q
3;0;Kelly, Mr. James;male;44;8.05;S
3;1;Kennedy, Mr. John;male;24;7.75;Q
3;0;Khalil, Mr. Betros;male;25;14.45;C
3;0;Khalil, Mrs. Betros (Zahie Maria Elias);female;20;14.45;C
3;0;Kiernan, Mr. John;male;24;7.75;Q
3;0;Kiernan, Mr. Philip;male;22;7.75;Q
3;0;Kilgannon, Mr. Thomas J;male;22;7.74;Q
3;0;Kink, Miss. Maria;female;22;8.66;S
3;0;Kink, Mr. Vincenz;male;26;8.66;S
3;1;Kink-Heilmann, Miss. Luise Gretchen;female;4;22.03;S
3;1;Kink-Heilmann, Mr. Anton;male;29;22.03;S
3;1;Kink-Heilmann, Mrs. Anton (Luise Heilmann);female;26;22.03;S
3;0;Klasen, Miss. Gertrud Emilia;female;1;12.18;S
3;0;Klasen, Mr. Klas Albin;male;18;7.85;S
3;0;Klasen, Mrs. (Hulda Kristina Eugenia Lofqvist);female;36;12.18;S
3;0;Kraeff, Mr. Theodor;male;25;7.9;C
3;1;Krekorian, Mr. Neshan;male;25;7.23;C
3;0;Lahoud, Mr. Sarkis;male;30;7.23;C
3;0;Laitinen, Miss. Kristina Sofia;female;37;9.59;S
3;0;Laleff, Mr. Kristo;male;23;7.9;S
3;1;Lam, Mr. Ali;male;37;56.5;S
3;0;Lam, Mr. Len;male;23;56.5;S
3;1;Landergren, Miss. Aurora Adelia;female;22;7.25;S
3;0;Lane, Mr. Patrick;male;16;7.75;Q
3;1;Lang, Mr. Fang;male;26;56.5;S
3;0;Larsson, Mr. August Viktor;male;29;9.48;S
3;0;Larsson, Mr. Bengt Edvin;male;29;7.78;S
3;0;Larsson-Rondberg, Mr. Edvard A;male;22;7.78;S
3;1;Leeni, Mr. Fahim (Philip Zenni);male;22;7.23;C
3;0;Lefebre, Master. Henry Forbes;male;5;25.47;S
3;0;Lefebre, Miss. Ida;female;3;25.47;S
3;0;Lefebre, Miss. Jeannie;female;8;25.47;S
3;0;Lefebre, Miss. Mathilde;female;12;25.47;S
3;0;Lefebre, Mrs. Frank (Frances);female;40;25.47;S
3;0;Leinonen, Mr. Antti Gustaf;male;32;7.93;S
3;0;Lemberopolous, Mr. Peter L;male;35;6.44;C
3;0;Lennon, Miss. Mary;female;18;15.5;Q
3;0;Lennon, Mr. Denis;male;20;15.5;Q
3;0;Leonard, Mr. Lionel;male;36;0;S
3;0;Lester, Mr. James;male;39;24.15;S
3;0;Lievens, Mr. Rene Aime;male;24;9.5;S
3;0;Lindahl, Miss. Agda Thorilda Viktoria;female;25;7.78;S
3;0;Lindblom, Miss. Augusta Charlotta;female;45;7.75;S
3;0;Lindell, Mr. Edvard Bengtsson;male;36;15.55;S
3;0;Lindell, Mrs. Edvard Bengtsson (Elin Gerda Persson);female;30;15.55;S
3;1;Lindqvist, Mr. Eino William;male;20;7.93;S
3;0;Linehan, Mr. Michael;male;21;7.88;Q
3;0;Ling, Mr. Lee;male;28;56.5;S
3;0;Lithman, Mr. Simon;male;28;7.55;S
3;0;Lobb, Mr. William Arthur;male;30;16.1;S
3;0;Lobb, Mrs. William Arthur (Cordelia K Stanlick);female;26;16.1;S
3;0;Lockyer, Mr. Edward;male;21;7.88;S
3;0;Lovell, Mr. John Hall (Henry);male;21;7.25;S
3;1;Lulic, Mr. Nikola;male;27;8.66;S
3;0;Lundahl, Mr. Johan Svensson;male;51;7.05;S
3;1;Lundin, Miss. Olga Elida;female;23;7.85;S
3;1;Lundstrom, Mr. Thure Edvin;male;32;7.58;S
3;0;Lyntakoff, Mr. Stanko;male;44;7.9;S
3;0;MacKay, Mr. George William;male;20;7.55;S
3;1;Madigan, Miss. Margaret Maggie;female;21;7.75;Q
3;1;Madsen, Mr. Fridtjof Arne;male;24;7.14;S
3;0;Maenpaa, Mr. Matti Alexanteri;male;22;7.13;S
3;0;Mahon, Miss. Bridget Delia;female;20;7.88;Q
3;0;Mahon, Mr. John;male;22;7.75;Q
3;0;Maisner, Mr. Simon;male;34;8.05;S
3;0;Makinen, Mr. Kalle Edvard;male;29;7.93;S
3;1;Mamee, Mr. Hanna;male;12;7.23;C
3;0;Mangan, Miss. Mary;female;31;7.75;Q
3;1;Mannion, Miss. Margareth;female;29;7.74;Q
3;0;Mardirosian, Mr. Sarkis;male;25;7.23;C
3;0;Markoff, Mr. Marin;male;35;7.9;C
3;0;Markun, Mr. Johann;male;33;7.9;S
3;1;Masselmani, Mrs. Fatima;female;32;7.23;C
3;0;Matinoff, Mr. Nicola;male;30;7.9;C
3;1;McCarthy, Miss. Catherine Katie;female;24;7.75;Q
3;1;McCormack, Mr. Thomas Joseph;male;19;7.75;Q
3;1;McCoy, Miss. Agnes;female;29;23.25;Q
3;1;McCoy, Miss. Alicia;female;26;23.25;Q
3;1;McCoy, Mr. Bernard;male;24;23.25;Q
3;1;McDermott, Miss. Brigdet Delia;female;31;7.79;Q
3;0;McEvoy, Mr. Michael;male;19;15.5;Q
3;1;McGovern, Miss. Mary;female;22;7.88;Q
3;1;McGowan, Miss. Anna Annie;female;15;8.03;Q
3;0;McGowan, Miss. Katherine;female;35;7.75;Q
3;0;McMahon, Mr. Martin;male;20;7.75;Q
3;0;McNamee, Mr. Neal;male;24;16.1;S
3;0;McNamee, Mrs. Neal (Eileen O'Leary);female;19;16.1;S
3;0;McNeill, Miss. Bridget;female;27;7.75;Q
3;0;Meanwell, Miss. (Marion Ogden);female;69;8.05;S
3;0;Meek, Mrs. Thomas (Annie Louise Rowley);female;31;8.05;S
3;0;Meo, Mr. Alfonzo;male;56;8.05;S
3;0;Mernagh, Mr. Robert;male;26;7.75;Q
3;1;Midtsjo, Mr. Karl Albert;male;21;7.78;S
3;0;Miles, Mr. Frank;male;23;8.05;S
3;0;Mineff, Mr. Ivan;male;24;7.9;S
3;0;Minkoff, Mr. Lazar;male;21;7.9;S
3;0;Mionoff, Mr. Stoytcho;male;28;7.9;S
3;0;Mitkoff, Mr. Mito;male;23;7.9;S
3;1;Mockler, Miss. Helen Mary Ellie;female;23;7.88;Q
3;0;Moen, Mr. Sigurd Hansen;male;25;7.65;S
3;1;Moor, Master. Meier;male;6;12.48;S
3;1;Moor, Mrs. (Beila);female;27;12.48;S
3;0;Moore, Mr. Leonard Charles;male;19;8.05;S
3;1;Moran, Miss. Bertha;female;28;24.15;Q
3;0;Moran, Mr. Daniel J;male;29;24.15;Q
3;0;Moran, Mr. James;male;22;8.46;Q
3;0;Morley, Mr. William;male;34;8.05;S
3;0;Morrow, Mr. Thomas Rowan;male;30;7.75;Q
3;1;Moss, Mr. Albert Johan;male;29;7.78;S
3;1;Moubarek, Master. Gerios;male;7;15.25;C
3;1;Moubarek, Master. Halim Gonios (William George);male;4;15.25;C
3;1;Moubarek, Mrs. George (Omine Amenia Alexander);female;24;15.25;C
3;1;Moussa, Mrs. (Mantoura Boulos);female;35;7.23;C
3;0;Moutal, Mr. Rahamin Haim;male;28;8.05;S
3;1;Mullens, Miss. Katherine Katie;female;19;7.73;Q
3;1;Mulvihill, Miss. Bertha E;female;24;7.75;Q
3;0;Murdlin, Mr. Joseph;male;22;8.05;S
3;1;Murphy, Miss. Katherine Kate;female;18;15.5;Q
3;1;Murphy, Miss. Margaret Jane;female;25;15.5;Q
3;1;Murphy, Miss. Nora;female;34;15.5;Q
3;0;Myhrman, Mr. Pehr Fabian Oliver Malkolm;male;18;7.75;S
3;0;Naidenoff, Mr. Penko;male;22;7.9;S
3;1;Najib, Miss. Adele Kiamie Jane;female;15;7.23;C
3;1;Nakid, Miss. Maria (Mary);female;1;15.74;C
3;1;Nakid, Mr. Sahid;male;20;15.74;C
3;1;Nakid, Mrs. Said (Waika Mary Mowad);female;19;15.74;C
3;0;Nancarrow, Mr. William Henry;male;33;8.05;S
3;0;Nankoff, Mr. Minko;male;32;7.9;S
3;0;Nasr, Mr. Mustafa;male;20;7.23;C
3;0;Naughton, Miss. Hannah;female;21;7.75;Q
3;0;Nenkoff, Mr. Christo;male;22;7.9;S
3;1;Nicola-Yarred, Master. Elias;male;12;11.24;C
3;1;Nicola-Yarred, Miss. Jamila;female;14;11.24;C
3;0;Nieminen, Miss. Manta Josefina;female;29;7.93;S
3;0;Niklasson, Mr. Samuel;male;28;8.05;S
3;1;Nilsson, Miss. Berta Olivia;female;18;7.78;S
3;1;Nilsson, Miss. Helmina Josefina;female;26;7.85;S
3;0;Nilsson, Mr. August Ferdinand;male;21;7.85;S
3;0;Nirva, Mr. Iisakki Antino Aijo;male;41;7.13;S
3;1;Niskanen, Mr. Juha;male;39;7.93;S
3;0;Nosworthy, Mr. Richard Cater;male;21;7.8;S
3;0;Novel, Mr. Mansouer;male;29;7.23;C
3;1;Nysten, Miss. Anna Sofia;female;22;7.75;S
3;0;Nysveen, Mr. Johan Hansen;male;61;6.24;S
3;0;O'Brien, Mr. Thomas;male;27;15.5;Q
3;0;O'Brien, Mr. Timothy;male;21;7.83;Q
3;1;O'Brien, Mrs. Thomas (Johanna Hannah Godfrey);female;26;15.5;Q
3;0;O'Connell, Mr. Patrick D;male;17;7.73;Q
3;0;O'Connor, Mr. Maurice;male;16;7.75;Q
3;0;O'Connor, Mr. Patrick;male;23;7.75;Q
3;0;Odahl, Mr. Nils Martin;male;23;9.23;S
3;0;O'Donoghue, Ms. Bridget;female;21;7.75;Q
3;1;O'Driscoll, Miss. Bridget;female;24;7.75;Q
3;1;O'Dwyer, Miss. Ellen Nellie;female;25;7.88;Q
3;1;Ohman, Miss. Velin;female;22;7.78;S
3;1;O'Keefe, Mr. Patrick;male;22;7.75;Q
3;1;O'Leary, Miss. Hanora Norah;female;16;7.83;Q
3;1;Olsen, Master. Artur Karl;male;9;3.17;S
3;0;Olsen, Mr. Henry Margido;male;28;22.53;S
3;0;Olsen, Mr. Karl Siegwart Andreas;male;42;8.4;S
3;0;Olsen, Mr. Ole Martin;male;27;7.31;S
3;0;Olsson, Miss. Elina;female;31;7.85;S
3;0;Olsson, Mr. Nils Johan Goransson;male;28;7.85;S
3;1;Olsson, Mr. Oscar Wilhelm;male;32;7.78;S
3;0;Olsvigen, Mr. Thor Anderson;male;20;9.23;S
3;0;Oreskovic, Miss. Jelka;female;23;8.66;S
3;0;Oreskovic, Miss. Marija;female;20;8.66;S
3;0;Oreskovic, Mr. Luka;male;20;8.66;S
3;0;Osen, Mr. Olaf Elon;male;16;9.22;S
3;1;Osman, Mrs. Mara;female;31;8.68;S
3;0;O'Sullivan, Miss. Bridget Mary;female;21;7.63;Q
3;0;Palsson, Master. Gosta Leonard;male;2;21.08;S
3;0;Palsson, Master. Paul Folke;male;6;21.08;S
3;0;Palsson, Miss. Stina Viola;female;3;21.08;S
3;0;Palsson, Miss. Torborg Danira;female;8;21.08;S
3;0;Palsson, Mrs. Nils (Alma Cornelia Berglund);female;29;21.08;S
3;0;Panula, Master. Eino Viljami;male;1;39.69;S
3;0;Panula, Master. Juha Niilo;male;7;39.69;S
3;0;Panula, Master. Urho Abraham;male;2;39.69;S
3;0;Panula, Mr. Ernesti Arvid;male;16;39.69;S
3;0;Panula, Mr. Jaako Arnold;male;14;39.69;S
3;0;Panula, Mrs. Juha (Maria Emilia Ojala);female;41;39.69;S
3;0;Pasic, Mr. Jakob;male;21;8.66;S
3;0;Patchett, Mr. George;male;19;14.5;S
3;0;Paulner, Mr. Uscher;male;16;8.71;C
3;0;Pavlovic, Mr. Stefo;male;32;7.9;S
3;0;Peacock, Master. Alfred Edward;male;1;13.78;S
3;0;Peacock, Miss. Treasteall;female;3;13.78;S
3;0;Peacock, Mrs. Benjamin (Edith Nile);female;26;13.78;S
3;0;Pearce, Mr. Ernest;male;32;7;S
3;0;Pedersen, Mr. Olaf;male;28;7.78;S
3;0;Peduzzi, Mr. Joseph;male;24;8.05;S
3;0;Pekoniemi, Mr. Edvard;male;21;7.93;S
3;0;Peltomaki, Mr. Nikolai Johannes;male;25;7.93;S
3;0;Perkin, Mr. John Henry;male;22;7.25;S
3;1;Persson, Mr. Ernst Ulrik;male;25;7.78;S
3;1;Peter, Master. Michael J;male;5;22.36;C
3;1;Peter, Miss. Anna;female;3;22.36;C
3;1;Peter, Mrs. Catherine (Catherine Rizk);female;26;22.36;C
3;0;Peters, Miss. Katie;female;26;8.14;Q
3;0;Petersen, Mr. Marius;male;24;8.05;S
3;0;Petranec, Miss. Matilda;female;28;7.9;S
3;0;Petroff, Mr. Nedelio;male;19;7.9;S
3;0;Petroff, Mr. Pastcho (Pentcho);male;29;7.9;S
3;0;Petterson, Mr. Johan Emil;male;25;7.78;S
3;0;Pettersson, Miss. Ellen Natalia;female;18;7.78;S
3;1;Pickard, Mr. Berk (Berk Trembisky);male;32;8.05;S
3;0;Plotcharsky, Mr. Vasil;male;27;7.9;S
3;0;Pokrnic, Mr. Mate;male;17;8.66;S
3;0;Pokrnic, Mr. Tome;male;24;8.66;S
3;0;Radeff, Mr. Alexander;male;27;7.9;S
3;0;Rasmussen, Mrs. (Lena Jacobsen Solvang);female;62;8.11;S
3;0;Razi, Mr. Raihed;male;30;7.23;C
3;0;Reed, Mr. James George;male;19;7.25;S
3;0;Rekic, Mr. Tido;male;38;7.9;S
3;0;Reynolds, Mr. Harold J;male;21;8.05;S
3;0;Rice, Master. Albert;male;10;29.13;Q
3;0;Rice, Master. Arthur;male;4;29.13;Q
3;0;Rice, Master. Eric;male;7;29.13;Q
3;0;Rice, Master. Eugene;male;2;29.13;Q
3;0;Rice, Master. George Hugh;male;8;29.13;Q
3;0;Rice, Mrs. William (Margaret Norton);female;39;29.13;Q
3;0;Riihivouri, Miss. Susanna Juhantytar Sanni;female;22;39.69;S
3;0;Rintamaki, Mr. Matti;male;35;7.13;S
3;1;Riordan, Miss. Johanna Hannah;female;18;7.72;Q
3;0;Risien, Mr. Samuel Beard;male;69;14.5;S
3;0;Risien, Mrs. Samuel (Emma);female;58;14.5;S
3;0;Robins, Mr. Alexander A;male;50;14.5;S
3;0;Robins, Mrs. Alexander A (Grace Charity Laury);female;47;14.5;S
3;0;Rogers, Mr. William John;male;29;8.05;S
3;0;Rommetvedt, Mr. Knud Paust;male;49;7.78;S
3;0;Rosblom, Miss. Salli Helena;female;2;20.21;S
3;0;Rosblom, Mr. Viktor Richard;male;18;20.21;S
3;0;Rosblom, Mrs. Viktor (Helena Wilhelmina);female;41;20.21;S
3;1;Roth, Miss. Sarah A;female;26;8.05;S
3;0;Rouse, Mr. Richard Henry;male;50;8.05;S
3;0;Rush, Mr. Alfred George John;male;16;8.05;S
3;1;Ryan, Mr. Edward;male;24;7.75;Q
3;0;Ryan, Mr. Patrick;male;29;24.15;Q
3;0;Saad, Mr. Amin;male;30;7.23;C
3;0;Saad, Mr. Khalil;male;25;7.23;C
3;0;Saade, Mr. Jean Nassr;male;20;7.23;C
3;0;Sadlier, Mr. Matthew;male;20;7.73;Q
3;0;Sadowitz, Mr. Harry;male;17;7.58;S
3;0;Saether, Mr. Simon Sivertsen;male;39;7.25;S
3;0;Sage, Master. Thomas Henry;male;4;69.55;S
3;0;Sage, Master. William Henry;male;15;69.55;S
3;0;Sage, Miss. Ada;female;10;69.55;S
3;0;Sage, Miss. Constance Gladys;female;7;69.55;S
3;0;Sage, Miss. Dorothy Edith Dolly;female;14;69.55;S
3;0;Sage, Miss. Stella Anna;female;20;69.55;S
3;0;Sage, Mr. Douglas Bullen;male;18;69.55;S
3;0;Sage, Mr. Frederick;male;16;69.55;S
3;0;Sage, Mr. George John Jr;male;19;69.55;S
3;0;Sage, Mr. John George;male;44;69.55;S
3;0;Sage, Mrs. John (Annie Bullen);female;44;69.55;S
3;0;Salander, Mr. Karl Johan;male;24;9.33;S
3;1;Salkjelsvik, Miss. Anna Kristine;female;21;7.65;S
3;0;Salonen, Mr. Johan Werner;male;39;7.93;S
3;0;Samaan, Mr. Elias;male;17;21.68;C
3;0;Samaan, Mr. Hanna;male;40;21.68;C
3;0;Samaan, Mr. Youssef;male;16;21.68;C
3;1;Sandstrom, Miss. Beatrice Irene;female;1;16.7;S
3;1;Sandstrom, Mrs. Hjalmar (Agnes Charlotta Bengtsson);female;24;16.7;S
3;1;Sandstrom, Miss. Marguerite Rut;female;4;16.7;S
3;1;Sap, Mr. Julius;male;25;9.5;S
3;0;Saundercock, Mr. William Henry;male;20;8.05;S
3;0;Sawyer, Mr. Frederick Charles;male;25;8.05;S
3;0;Scanlan, Mr. James;male;22;7.73;Q
3;0;Sdycoff, Mr. Todor;male;42;7.9;S
3;0;Shaughnessy, Mr. Patrick;male;24;7.75;Q
3;1;Sheerlinck, Mr. Jan Baptist;male;29;9.5;S
3;0;Shellard, Mr. Frederick William;male;55;15.1;S
3;1;Shine, Miss. Ellen Natalia;female;20;7.78;Q
3;0;Shorney, Mr. Charles Joseph;male;22;8.05;S
3;0;Simmons, Mr. John;male;39;8.05;S
3;0;Sirayanian, Mr. Orsen;male;22;7.23;C
3;0;Sirota, Mr. Maurice;male;20;8.05;S
3;0;Sivic, Mr. Husein;male;40;7.9;S
3;0;Sivola, Mr. Antti Wilhelm;male;21;7.93;S
3;1;Sjoblom, Miss. Anna Sofia;female;18;7.5;S
3;0;Skoog, Master. Harald;male;4;27.9;S
3;0;Skoog, Master. Karl Thorsten;male;10;27.9;S
3;0;Skoog, Miss. Mabel;female;9;27.9;S
3;0;Skoog, Miss. Margit Elizabeth;female;2;27.9;S
3;0;Skoog, Mr. Wilhelm;male;40;27.9;S
3;0;Skoog, Mrs. William (Anna Bernhardina Karlsson);female;45;27.9;S
3;0;Slabenoff, Mr. Petco;male;42;7.9;S
3;0;Slocovski, Mr. Selman Francis;male;20;8.05;S
3;0;Smiljanic, Mr. Mile;male;37;8.66;S
3;0;Smith, Mr. Thomas;male;26;7.75;Q
3;1;Smyth, Miss. Julia;female;17;7.73;Q
3;0;Soholt, Mr. Peter Andreas Lauritz Andersen;male;19;7.65;S
3;0;Somerton, Mr. Francis William;male;30;8.05;S
3;0;Spector, Mr. Woolf;male;23;8.05;S
3;0;Spinner, Mr. Henry John;male;32;8.05;S
3;0;Staneff, Mr. Ivan;male;23;7.9;S
3;0;Stankovic, Mr. Ivan;male;33;8.66;C
3;1;Stanley, Miss. Amy Zillah Elsie;female;23;7.55;S
3;0;Stanley, Mr. Edward Roland;male;21;8.05;S
3;0;Storey, Mr. Thomas;male;61;7.9;S
3;0;Stoytcheff, Mr. Ilia;male;19;7.9;S
3;0;Strandberg, Miss. Ida Sofia;female;22;9.84;S
3;1;Stranden, Mr. Juho;male;31;7.93;S
3;0;Strilic, Mr. Ivan;male;27;8.66;S
3;0;Strom, Miss. Telma Matilda;female;2;10.46;S
3;0;Strom, Mrs. Wilhelm (Elna Matilda Persson);female;29;10.46;S
3;1;Sunderland, Mr. Victor Francis;male;16;8.05;S
3;1;Sundman, Mr. Johan Julian;male;44;7.93;S
3;0;Sutehall, Mr. Henry Jr;male;25;7.05;S
3;0;Svensson, Mr. Johan;male;74;7.78;S
3;1;Svensson, Mr. Johan Cervin;male;14;9.23;S
3;0;Svensson, Mr. Olof;male;24;7.8;S
3;1;Tenglin, Mr. Gunnar Isidor;male;25;7.8;S
3;0;Theobald, Mr. Thomas Leonard;male;34;8.05;S
3;1;Thomas, Master. Assad Alexander;male;0;8.52;C
3;0;Thomas, Mr. Charles P;male;30;6.44;C
3;0;Thomas, Mr. John;male;34;6.44;C
3;0;Thomas, Mr. Tannous;male;16;7.23;C
3;1;Thomas, Mrs. Alexander (Thamine Thelma);female;16;8.52;C
3;0;Thomson, Mr. Alexander Morrison;male;36;8.05;S
3;0;Thorneycroft, Mr. Percival;male;36;16.1;S
3;1;Thorneycroft, Mrs. Percival (Florence Kate White);female;32;16.1;S
3;0;Tikkanen, Mr. Juho;male;32;7.93;S
3;0;Tobin, Mr. Roger;male;20;7.75;Q
3;0;Todoroff, Mr. Lalio;male;23;7.9;S
3;0;Tomlin, Mr. Ernest Portage;male;31;8.05;S
3;0;Torber, Mr. Ernst William;male;44;8.05;S
3;0;Torfa, Mr. Assad;male;20;7.23;C
3;1;Tornquist, Mr. William Henry;male;25;0;S
3;0;Toufik, Mr. Nakli;male;17;7.23;C
3;1;Touma, Master. Georges Youssef;male;7;15.25;C
3;1;Touma, Miss. Maria Youssef;female;9;15.25;C
3;1;Touma, Mrs. Darwis (Hanne Youssef Razi);female;29;15.25;C
3;0;Turcin, Mr. Stjepan;male;36;7.9;S
3;1;Turja, Miss. Anna Sofia;female;18;9.84;S
3;1;Turkula, Mrs. (Hedwig);female;63;9.59;S
3;0;van Billiard, Master. James William;male;10;14.5;S
3;0;van Billiard, Master. Walter John;male;12;14.5;S
3;0;van Billiard, Mr. Austin Blyler;male;41;14.5;S
3;0;Van Impe, Miss. Catharina;female;10;24.15;S
3;0;Van Impe, Mr. Jean Baptiste;male;36;24.15;S
3;0;Van Impe, Mrs. Jean Baptiste (Rosalie Paula Govaert);female;30;24.15;S
3;0;van Melkebeke, Mr. Philemon;male;23;9.5;S
3;0;Vande Velde, Mr. Johannes Joseph;male;33;9.5;S
3;0;Vande Walle, Mr. Nestor Cyriel;male;28;9.5;S
3;0;Vanden Steen, Mr. Leo Peter;male;28;9.5;S
3;0;Vander Cruyssen, Mr. Victor;male;47;9;S
3;0;Vander Planke, Miss. Augusta Maria;female;18;18;S
3;0;Vander Planke, Mr. Julius;male;31;18;S
3;0;Vander Planke, Mr. Leo Edmondus;male;16;18;S
3;0;Vander Planke, Mrs. Julius (Emelia Maria Vandemoortele);female;31;18;S
3;1;Vartanian, Mr. David;male;22;7.23;C
3;0;Vendel, Mr. Olof Edvin;male;20;7.85;S
3;0;Vestrom, Miss. Hulda Amanda Adolfina;female;14;7.85;S
3;0;Vovk, Mr. Janko;male;22;7.9;S
3;0;Waelens, Mr. Achille;male;22;9;S
3;0;Ware, Mr. Frederick;male;34;8.05;S
3;0;Warren, Mr. Charles William;male;30;7.55;S
3;0;Webber, Mr. James;male;66;8.05;S
3;0;Wenzel, Mr. Linhart;male;33;9.5;S
3;1;Whabee, Mrs. George Joseph (Shawneene Abi-Saab);female;38;7.23;C
3;0;Widegren, Mr. Carl/Charles Peter;male;51;7.75;S
3;0;Wiklund, Mr. Jakob Alfred;male;18;6.5;S
3;0;Wiklund, Mr. Karl Johan;male;21;6.5;S
3;1;Wilkes, Mrs. James (Ellen Needs);female;47;7;S
3;0;Willer, Mr. Aaron (Abi Weller);male;37;8.71;S
3;0;Willey, Mr. Edward;male;18;7.55;S
3;0;Williams, Mr. Howard Hugh Harry;male;28;8.05;S
3;0;Williams, Mr. Leslie;male;29;16.1;S
3;0;Windelov, Mr. Einar;male;21;7.25;S
3;0;Wirz, Mr. Albert;male;27;8.66;S
3;0;Wiseman, Mr. Phillippe;male;54;7.25;S
3;0;Wittevrongel, Mr. Camille;male;36;9.5;S
3;0;Yasbeck, Mr. Antoni;male;27;14.45;C
3;1;Yasbeck, Mrs. Antoni (Selini Alexander);female;15;14.45;C
3;0;Youseff, Mr. Gerious;male;46;7.23;C
3;0;Yousif, Mr. Wazli;male;25;7.23;C
3;0;Yousseff, Mr. Gerious;male;45;14.46;C
3;0;Zabour, Miss. Hileni;female;15;14.45;C
3;0;Zabour, Miss. Thamine;female;19;14.45;C
3;0;Zakarian, Mr. Mapriededer;male;27;7.23;C
3;0;Zakarian, Mr. Ortin;male;27;7.23;C
3;0;Zimmerman, Mr. Leo;male;29;7.88;S